"age";"name";"man";"woman"
моложе 15 лет;Алтайский край;0;0
моложе 15 лет;Амурская область;0;0
моложе 15 лет;Архангельская область;0;0
моложе 15 лет;Астраханская область;0;0
моложе 15 лет;Белгородская область;1;0
моложе 15 лет;Брянская область;0;0
моложе 15 лет;Владимирская область;0;0
моложе 15 лет;Волгоградская область;0;0
моложе 15 лет;Вологодская область;0;0
моложе 15 лет;Воронежская область;2;0
моложе 15 лет;г. Москва;1;3
моложе 15 лет;г.Санкт-Петербург;3;2
моложе 15 лет;г.Севастополь;0;0
моложе 15 лет;Еврейская автономная область;0;0
моложе 15 лет;Забайкальский край;0;0
моложе 15 лет;Ивановская область;0;0
моложе 15 лет;Иркутская область;1;0
моложе 15 лет;Кабардино-Балкарская Республика;0;0
моложе 15 лет;Калининградская область;0;0
моложе 15 лет;Калужская область;0;0
моложе 15 лет;Камчатский край;0;0
моложе 15 лет;Карачаево-Черкесская Республика;0;0
моложе 15 лет;Кемеровская область;0;0
моложе 15 лет;Кировская область;0;0
моложе 15 лет;Костромская область;0;0
моложе 15 лет;Краснодарский край;0;0
моложе 15 лет;Красноярский край;0;0
моложе 15 лет;Курганская область;0;0
моложе 15 лет;Курская область;0;1
моложе 15 лет;Ленинградская область;0;0
моложе 15 лет;Липецкая область;0;0
моложе 15 лет;Магаданская область;0;0
моложе 15 лет;Московская область;0;0
моложе 15 лет;Мурманская область;0;0
моложе 15 лет;Нижегородская область;0;0
моложе 15 лет;Новгородская область;0;0
моложе 15 лет;Новосибирская область;0;0
моложе 15 лет;Омская область;0;0
моложе 15 лет;Оренбургская область;0;0
моложе 15 лет;Орловская область;0;0
моложе 15 лет;Пензенская область;0;0
моложе 15 лет;Пермский край;0;0
моложе 15 лет;Приморский край;0;0
моложе 15 лет;Псковская область;0;0
моложе 15 лет;Республика Адыгея;0;0
моложе 15 лет;Республика Алтай;0;0
моложе 15 лет;Республика Башкортостан;0;0
моложе 15 лет;Республика Бурятия;0;0
моложе 15 лет;Республика Дагестан;15;17
моложе 15 лет;Республика Ингушетия;0;0
моложе 15 лет;Республика Калмыкия;0;0
моложе 15 лет;Республика Карелия;0;0
моложе 15 лет;Республика Коми;0;0
моложе 15 лет;Республика Крым;0;0
моложе 15 лет;Республика Марий Эл;0;0
моложе 15 лет;Республика Мордовия;0;0
моложе 15 лет;Республика Саха (Якутия);0;0
моложе 15 лет;Республика Северная Осетия - Алания;1;0
моложе 15 лет;Республика Татарстан;0;0
моложе 15 лет;Республика Тыва;0;0
моложе 15 лет;Республика Хакасия;0;0
моложе 15 лет;Ростовская область;0;0
моложе 15 лет;Рязанская область;0;0
моложе 15 лет;Самарская область;0;0
моложе 15 лет;Саратовская область;0;0
моложе 15 лет;Сахалинская область;0;0
моложе 15 лет;Свердловская область;0;0
моложе 15 лет;Смоленская область;0;0
моложе 15 лет;Ставропольский край;0;5
моложе 15 лет;Тамбовская область;0;0
моложе 15 лет;Тверская область;0;0
моложе 15 лет;Томская область;0;0
моложе 15 лет;Тульская область;0;0
моложе 15 лет;Тюменская область;0;0
моложе 15 лет;Удмуртская Республика;0;0
моложе 15 лет;Ульяновская область;0;0
моложе 15 лет;Хабаровский край;0;0
моложе 15 лет;Ханты-Мансийский автономный округ;0;0
моложе 15 лет;Челябинская область;0;0
моложе 15 лет;Чеченская Республика;0;0
моложе 15 лет;Чувашская Республика;0;0
моложе 15 лет;Чукотский автономный округ;0;0
моложе 15 лет;Ямало-Ненецкий автономный округ;0;0
моложе 15 лет;Ярославская область;0;0
"15 лет";Алтайский край;0;1
"15 лет";Амурская область;0;0
"15 лет";Архангельская область;0;0
"15 лет";Астраханская область;1;0
"15 лет";Белгородская область;0;0
"15 лет";Брянская область;0;0
"15 лет";Владимирская область;0;0
"15 лет";Волгоградская область;0;0
"15 лет";Вологодская область;0;0
"15 лет";Воронежская область;0;0
"15 лет";г. Москва;20;9
"15 лет";г.Санкт-Петербург;2;6
"15 лет";г.Севастополь;0;0
"15 лет";Еврейская автономная область;0;0
"15 лет";Забайкальский край;0;0
"15 лет";Ивановская область;0;0
"15 лет";Иркутская область;0;0
"15 лет";Кабардино-Балкарская Республика;1;0
"15 лет";Калининградская область;0;0
"15 лет";Калужская область;0;0
"15 лет";Камчатский край;0;0
"15 лет";Карачаево-Черкесская Республика;1;1
"15 лет";Кемеровская область;0;0
"15 лет";Кировская область;0;0
"15 лет";Костромская область;0;0
"15 лет";Краснодарский край;0;0
"15 лет";Красноярский край;0;0
"15 лет";Курганская область;0;0
"15 лет";Курская область;2;0
"15 лет";Ленинградская область;0;0
"15 лет";Липецкая область;0;0
"15 лет";Магаданская область;0;0
"15 лет";Московская область;0;1
"15 лет";Мурманская область;0;0
"15 лет";Нижегородская область;0;0
"15 лет";Новгородская область;0;0
"15 лет";Новосибирская область;0;0
"15 лет";Омская область;0;0
"15 лет";Оренбургская область;0;0
"15 лет";Орловская область;0;0
"15 лет";Пензенская область;0;0
"15 лет";Пермский край;0;0
"15 лет";Приморский край;0;0
"15 лет";Псковская область;0;0
"15 лет";Республика Адыгея;0;0
"15 лет";Республика Алтай;0;0
"15 лет";Республика Башкортостан;0;0
"15 лет";Республика Бурятия;0;0
"15 лет";Республика Дагестан;2;3
"15 лет";Республика Ингушетия;0;0
"15 лет";Республика Калмыкия;0;0
"15 лет";Республика Карелия;0;0
"15 лет";Республика Коми;0;0
"15 лет";Республика Крым;0;1
"15 лет";Республика Марий Эл;0;0
"15 лет";Республика Мордовия;0;0
"15 лет";Республика Саха (Якутия);1;0
"15 лет";Республика Северная Осетия - Алания;0;0
"15 лет";Республика Татарстан;0;0
"15 лет";Республика Тыва;0;0
"15 лет";Республика Хакасия;0;0
"15 лет";Ростовская область;0;0
"15 лет";Рязанская область;0;0
"15 лет";Самарская область;0;0
"15 лет";Саратовская область;4;0
"15 лет";Сахалинская область;0;0
"15 лет";Свердловская область;0;2
"15 лет";Смоленская область;0;0
"15 лет";Ставропольский край;0;0
"15 лет";Тамбовская область;0;0
"15 лет";Тверская область;0;0
"15 лет";Томская область;0;0
"15 лет";Тульская область;0;0
"15 лет";Тюменская область;0;0
"15 лет";Удмуртская Республика;0;0
"15 лет";Ульяновская область;0;0
"15 лет";Хабаровский край;0;0
"15 лет";Ханты-Мансийский автономный округ;0;0
"15 лет";Челябинская область;0;0
"15 лет";Чеченская Республика;1;0
"15 лет";Чувашская Республика;0;0
"15 лет";Чукотский автономный округ;0;0
"15 лет";Ямало-Ненецкий автономный округ;0;0
"15 лет";Ярославская область;0;0
"16 лет";Алтайский край;1;1
"16 лет";Амурская область;0;0
"16 лет";Архангельская область;0;0
"16 лет";Астраханская область;33;19
"16 лет";Белгородская область;0;3
"16 лет";Брянская область;1;1
"16 лет";Владимирская область;2;2
"16 лет";Волгоградская область;2;7
"16 лет";Вологодская область;2;0
"16 лет";Воронежская область;0;4
"16 лет";г. Москва;627;730
"16 лет";г.Санкт-Петербург;177;259
"16 лет";г.Севастополь;3;4
"16 лет";Еврейская автономная область;0;0
"16 лет";Забайкальский край;1;3
"16 лет";Ивановская область;0;1
"16 лет";Иркутская область;3;3
"16 лет";Кабардино-Балкарская Республика;17;34
"16 лет";Калининградская область;0;0
"16 лет";Калужская область;0;0
"16 лет";Камчатский край;1;0
"16 лет";Карачаево-Черкесская Республика;3;7
"16 лет";Кемеровская область;2;0
"16 лет";Кировская область;0;0
"16 лет";Костромская область;0;1
"16 лет";Краснодарский край;13;16
"16 лет";Красноярский край;1;0
"16 лет";Курганская область;0;0
"16 лет";Курская область;1;4
"16 лет";Ленинградская область;0;0
"16 лет";Липецкая область;2;0
"16 лет";Магаданская область;0;0
"16 лет";Московская область;16;33
"16 лет";Мурманская область;0;0
"16 лет";Нижегородская область;5;3
"16 лет";Новгородская область;51;52
"16 лет";Новосибирская область;3;7
"16 лет";Омская область;12;41
"16 лет";Оренбургская область;1;1
"16 лет";Орловская область;0;1
"16 лет";Пензенская область;2;6
"16 лет";Пермский край;0;0
"16 лет";Приморский край;0;5
"16 лет";Псковская область;1;1
"16 лет";Республика Адыгея;4;5
"16 лет";Республика Алтай;0;0
"16 лет";Республика Башкортостан;7;6
"16 лет";Республика Бурятия;4;2
"16 лет";Республика Дагестан;39;62
"16 лет";Республика Ингушетия;0;2
"16 лет";Республика Калмыкия;1;0
"16 лет";Республика Карелия;1;0
"16 лет";Республика Коми;0;0
"16 лет";Республика Крым;66;57
"16 лет";Республика Марий Эл;2;1
"16 лет";Республика Мордовия;0;0
"16 лет";Республика Саха (Якутия);2;7
"16 лет";Республика Северная Осетия - Алания;5;6
"16 лет";Республика Татарстан;5;3
"16 лет";Республика Тыва;0;0
"16 лет";Республика Хакасия;0;0
"16 лет";Ростовская область;5;9
"16 лет";Рязанская область;1;1
"16 лет";Самарская область;3;2
"16 лет";Саратовская область;21;11
"16 лет";Сахалинская область;0;0
"16 лет";Свердловская область;1;4
"16 лет";Смоленская область;0;1
"16 лет";Ставропольский край;16;22
"16 лет";Тамбовская область;1;0
"16 лет";Тверская область;0;0
"16 лет";Томская область;3;3
"16 лет";Тульская область;1;0
"16 лет";Тюменская область;1;3
"16 лет";Удмуртская Республика;1;1
"16 лет";Ульяновская область;1;2
"16 лет";Хабаровский край;2;1
"16 лет";Ханты-Мансийский автономный округ;0;0
"16 лет";Челябинская область;4;3
"16 лет";Чеченская Республика;10;23
"16 лет";Чувашская Республика;0;0
"16 лет";Чукотский автономный округ;0;0
"16 лет";Ямало-Ненецкий автономный округ;0;0
"16 лет";Ярославская область;3;1
"17 лет";Алтайский край;259;428
"17 лет";Амурская область;78;123
"17 лет";Архангельская область;37;71
"17 лет";Астраханская область;338;476
"17 лет";Белгородская область;272;391
"17 лет";Брянская область;237;199
"17 лет";Владимирская область;126;170
"17 лет";Волгоградская область;450;589
"17 лет";Вологодская область;60;52
"17 лет";Воронежская область;534;851
"17 лет";г. Москва;11023;11666
"17 лет";г.Санкт-Петербург;3712;4743
"17 лет";г.Севастополь;432;508
"17 лет";Еврейская автономная область;4;9
"17 лет";Забайкальский край;176;233
"17 лет";Ивановская область;215;121
"17 лет";Иркутская область;442;494
"17 лет";Кабардино-Балкарская Республика;279;525
"17 лет";Калининградская область;201;350
"17 лет";Калужская область;134;174
"17 лет";Камчатский край;29;37
"17 лет";Карачаево-Черкесская Республика;177;142
"17 лет";Кемеровская область;120;191
"17 лет";Кировская область;74;100
"17 лет";Костромская область;69;63
"17 лет";Краснодарский край;921;1179
"17 лет";Красноярский край;492;394
"17 лет";Курганская область;28;47
"17 лет";Курская область;154;223
"17 лет";Ленинградская область;23;110
"17 лет";Липецкая область;84;146
"17 лет";Магаданская область;6;3
"17 лет";Московская область;768;812
"17 лет";Мурманская область;15;16
"17 лет";Нижегородская область;727;958
"17 лет";Новгородская область;403;550
"17 лет";Новосибирская область;1008;1095
"17 лет";Омская область;605;666
"17 лет";Оренбургская область;137;212
"17 лет";Орловская область;108;192
"17 лет";Пензенская область;477;510
"17 лет";Пермский край;222;327
"17 лет";Приморский край;232;303
"17 лет";Псковская область;110;142
"17 лет";Республика Адыгея;122;124
"17 лет";Республика Алтай;13;36
"17 лет";Республика Башкортостан;520;710
"17 лет";Республика Бурятия;129;135
"17 лет";Республика Дагестан;1010;1140
"17 лет";Республика Ингушетия;229;21
"17 лет";Республика Калмыкия;74;87
"17 лет";Республика Карелия;36;79
"17 лет";Республика Коми;33;50
"17 лет";Республика Крым;1049;1465
"17 лет";Республика Марий Эл;97;74
"17 лет";Республика Мордовия;145;229
"17 лет";Республика Саха (Якутия);58;98
"17 лет";Республика Северная Осетия - Алания;202;299
"17 лет";Республика Татарстан;708;921
"17 лет";Республика Тыва;4;33
"17 лет";Республика Хакасия;30;25
"17 лет";Ростовская область;1246;1513
"17 лет";Рязанская область;188;389
"17 лет";Самарская область;428;514
"17 лет";Саратовская область;755;836
"17 лет";Сахалинская область;17;9
"17 лет";Свердловская область;592;799
"17 лет";Смоленская область;160;199
"17 лет";Ставропольский край;978;1139
"17 лет";Тамбовская область;120;150
"17 лет";Тверская область;115;191
"17 лет";Томская область;416;381
"17 лет";Тульская область;178;179
"17 лет";Тюменская область;237;372
"17 лет";Удмуртская Республика;246;398
"17 лет";Ульяновская область;182;179
"17 лет";Хабаровский край;299;263
"17 лет";Ханты-Мансийский автономный округ;56;101
"17 лет";Челябинская область;440;354
"17 лет";Чеченская Республика;740;1515
"17 лет";Чувашская Республика;123;201
"17 лет";Чукотский автономный округ;0;0
"17 лет";Ямало-Ненецкий автономный округ;0;0
"17 лет";Ярославская область;150;198
"18 лет";Алтайский край;2519;3359
"18 лет";Амурская область;500;808
"18 лет";Архангельская область;813;1009
"18 лет";Астраханская область;1013;1333
"18 лет";Белгородская область;1457;2630
"18 лет";Брянская область;1045;915
"18 лет";Владимирская область;898;1166
"18 лет";Волгоградская область;2387;3077
"18 лет";Вологодская область;660;868
"18 лет";Воронежская область;3995;5425
"18 лет";г. Москва;47649;48960
"18 лет";г.Санкт-Петербург;20127;23743
"18 лет";г.Севастополь;865;945
"18 лет";Еврейская автономная область;29;69
"18 лет";Забайкальский край;658;820
"18 лет";Ивановская область;1387;1333
"18 лет";Иркутская область;3065;3198
"18 лет";Кабардино-Балкарская Республика;633;837
"18 лет";Калининградская область;1165;1458
"18 лет";Калужская область;1176;1287
"18 лет";Камчатский край;180;171
"18 лет";Карачаево-Черкесская Республика;1140;466
"18 лет";Кемеровская область;1565;2082
"18 лет";Кировская область;1080;1440
"18 лет";Костромская область;535;587
"18 лет";Краснодарский край;4735;7174
"18 лет";Красноярский край;3521;3957
"18 лет";Курганская область;348;453
"18 лет";Курская область;1207;1301
"18 лет";Ленинградская область;172;416
"18 лет";Липецкая область;823;980
"18 лет";Магаданская область;60;83
"18 лет";Московская область;3945;4567
"18 лет";Мурманская область;282;221
"18 лет";Нижегородская область;4576;5425
"18 лет";Новгородская область;414;615
"18 лет";Новосибирская область;6053;6568
"18 лет";Омская область;3132;3048
"18 лет";Оренбургская область;1363;2031
"18 лет";Орловская область;730;1233
"18 лет";Пензенская область;1698;1629
"18 лет";Пермский край;2936;3502
"18 лет";Приморский край;2095;2493
"18 лет";Псковская область;468;553
"18 лет";Республика Адыгея;323;495
"18 лет";Республика Алтай;64;109
"18 лет";Республика Башкортостан;4138;4832
"18 лет";Республика Бурятия;601;605
"18 лет";Республика Дагестан;2311;2583
"18 лет";Республика Ингушетия;234;113
"18 лет";Республика Калмыкия;202;209
"18 лет";Республика Карелия;543;691
"18 лет";Республика Коми;463;503
"18 лет";Республика Крым;1202;1940
"18 лет";Республика Марий Эл;779;839
"18 лет";Республика Мордовия;960;1322
"18 лет";Республика Саха (Якутия);694;773
"18 лет";Республика Северная Осетия - Алания;730;844
"18 лет";Республика Татарстан;6885;8683
"18 лет";Республика Тыва;59;115
"18 лет";Республика Хакасия;288;295
"18 лет";Ростовская область;6550;6987
"18 лет";Рязанская область;1601;2415
"18 лет";Самарская область;3657;4118
"18 лет";Саратовская область;3289;4349
"18 лет";Сахалинская область;118;170
"18 лет";Свердловская область;6723;7560
"18 лет";Смоленская область;991;1299
"18 лет";Ставропольский край;2924;3734
"18 лет";Тамбовская область;774;1036
"18 лет";Тверская область;1170;1359
"18 лет";Томская область;3297;3247
"18 лет";Тульская область;1241;1566
"18 лет";Тюменская область;2681;3310
"18 лет";Удмуртская Республика;1661;2154
"18 лет";Ульяновская область;1618;1588
"18 лет";Хабаровский край;1948;2214
"18 лет";Ханты-Мансийский автономный округ;757;1077
"18 лет";Челябинская область;3457;4032
"18 лет";Чеченская Республика;1832;2214
"18 лет";Чувашская Республика;1428;1441
"18 лет";Чукотский автономный округ;4;1
"18 лет";Ямало-Ненецкий автономный округ;0;0
"18 лет";Ярославская область;1565;2185
"19 лет";Алтайский край;2689;3580
"19 лет";Амурская область;665;897
"19 лет";Архангельская область;848;1190
"19 лет";Астраханская область;1346;1721
"19 лет";Белгородская область;2102;2709
"19 лет";Брянская область;1260;1379
"19 лет";Владимирская область;1023;1508
"19 лет";Волгоградская область;2624;3731
"19 лет";Вологодская область;800;1171
"19 лет";Воронежская область;4008;5952
"19 лет";г. Москва;48252;55662
"19 лет";г.Санкт-Петербург;21319;26226
"19 лет";г.Севастополь;1026;1161
"19 лет";Еврейская автономная область;64;48
"19 лет";Забайкальский край;764;1005
"19 лет";Ивановская область;1299;1687
"19 лет";Иркутская область;3125;3934
"19 лет";Кабардино-Балкарская Республика;1067;1205
"19 лет";Калининградская область;1240;1540
"19 лет";Калужская область;1097;1505
"19 лет";Камчатский край;189;177
"19 лет";Карачаево-Черкесская Республика;1041;684
"19 лет";Кемеровская область;1866;2583
"19 лет";Кировская область;1142;1904
"19 лет";Костромская область;471;618
"19 лет";Краснодарский край;5818;8072
"19 лет";Красноярский край;3830;4361
"19 лет";Курганская область;521;746
"19 лет";Курская область;1423;2334
"19 лет";Ленинградская область;232;514
"19 лет";Липецкая область;851;1261
"19 лет";Магаданская область;59;80
"19 лет";Московская область;4157;5489
"19 лет";Мурманская область;324;295
"19 лет";Нижегородская область;4935;6957
"19 лет";Новгородская область;555;775
"19 лет";Новосибирская область;6089;7565
"19 лет";Омская область;3270;3644
"19 лет";Оренбургская область;1736;2659
"19 лет";Орловская область;963;1436
"19 лет";Пензенская область;1897;2078
"19 лет";Пермский край;2897;3967
"19 лет";Приморский край;2583;3071
"19 лет";Псковская область;522;686
"19 лет";Республика Адыгея;472;624
"19 лет";Республика Алтай;88;146
"19 лет";Республика Башкортостан;5137;6016
"19 лет";Республика Бурятия;798;958
"19 лет";Республика Дагестан;3148;3720
"19 лет";Республика Ингушетия;320;397
"19 лет";Республика Калмыкия;228;285
"19 лет";Республика Карелия;642;830
"19 лет";Республика Коми;565;562
"19 лет";Республика Крым;2018;2635
"19 лет";Республика Марий Эл;695;945
"19 лет";Республика Мордовия;1063;1691
"19 лет";Республика Саха (Якутия);933;927
"19 лет";Республика Северная Осетия - Алания;1024;1284
"19 лет";Республика Татарстан;7822;10102
"19 лет";Республика Тыва;113;244
"19 лет";Республика Хакасия;297;339
"19 лет";Ростовская область;8276;7940
"19 лет";Рязанская область;1585;2402
"19 лет";Самарская область;5369;6367
"19 лет";Саратовская область;3375;4560
"19 лет";Сахалинская область;169;203
"19 лет";Свердловская область;7175;8602
"19 лет";Смоленская область;1097;1589
"19 лет";Ставропольский край;3378;4458
"19 лет";Тамбовская область;1067;1383
"19 лет";Тверская область;1243;1678
"19 лет";Томская область;3350;3386
"19 лет";Тульская область;1481;1971
"19 лет";Тюменская область;2796;3703
"19 лет";Удмуртская Республика;1886;2567
"19 лет";Ульяновская область;1791;1944
"19 лет";Хабаровский край;2176;2450
"19 лет";Ханты-Мансийский автономный округ;1018;1404
"19 лет";Челябинская область;3743;4953
"19 лет";Чеченская Республика;1857;2930
"19 лет";Чувашская Республика;1320;2000
"19 лет";Чукотский автономный округ;3;0
"19 лет";Ямало-Ненецкий автономный округ;1;0
"19 лет";Ярославская область;1317;2007
"20 лет";Алтайский край;2833;4191
"20 лет";Амурская область;813;1206
"20 лет";Архангельская область;959;1237
"20 лет";Астраханская область;1616;2051
"20 лет";Белгородская область;2885;3359
"20 лет";Брянская область;1442;1520
"20 лет";Владимирская область;1436;1864
"20 лет";Волгоградская область;3463;4311
"20 лет";Вологодская область;933;1303
"20 лет";Воронежская область;5502;6939
"20 лет";г. Москва;50559;59819
"20 лет";г.Санкт-Петербург;21895;27562
"20 лет";г.Севастополь;1046;1153
"20 лет";Еврейская автономная область;59;142
"20 лет";Забайкальский край;893;1229
"20 лет";Ивановская область;1575;1899
"20 лет";Иркутская область;3548;4670
"20 лет";Кабардино-Балкарская Республика;1160;1200
"20 лет";Калининградская область;1347;1615
"20 лет";Калужская область;1146;1595
"20 лет";Камчатский край;186;232
"20 лет";Карачаево-Черкесская Республика;601;708
"20 лет";Кемеровская область;2495;3030
"20 лет";Кировская область;1493;2001
"20 лет";Костромская область;530;795
"20 лет";Краснодарский край;5549;8936
"20 лет";Красноярский край;4464;4679
"20 лет";Курганская область;596;879
"20 лет";Курская область;1796;2898
"20 лет";Ленинградская область;160;317
"20 лет";Липецкая область;1051;1520
"20 лет";Магаданская область;126;134
"20 лет";Московская область;4771;6276
"20 лет";Мурманская область;352;391
"20 лет";Нижегородская область;5583;7611
"20 лет";Новгородская область;448;661
"20 лет";Новосибирская область;6371;8436
"20 лет";Омская область;3748;4062
"20 лет";Оренбургская область;2052;3401
"20 лет";Орловская область;1333;1720
"20 лет";Пензенская область;2251;2314
"20 лет";Пермский край;3189;4501
"20 лет";Приморский край;2734;3311
"20 лет";Псковская область;527;800
"20 лет";Республика Адыгея;755;741
"20 лет";Республика Алтай;109;195
"20 лет";Республика Башкортостан;5849;7032
"20 лет";Республика Бурятия;952;1195
"20 лет";Республика Дагестан;3621;3887
"20 лет";Республика Ингушетия;335;448
"20 лет";Республика Калмыкия;397;437
"20 лет";Республика Карелия;671;930
"20 лет";Республика Коми;731;729
"20 лет";Республика Крым;2305;2800
"20 лет";Республика Марий Эл;979;1199
"20 лет";Республика Мордовия;1375;2085
"20 лет";Республика Саха (Якутия);1190;1227
"20 лет";Республика Северная Осетия - Алания;1431;1513
"20 лет";Республика Татарстан;9154;11887
"20 лет";Республика Тыва;167;321
"20 лет";Республика Хакасия;415;515
"20 лет";Ростовская область;8874;9162
"20 лет";Рязанская область;1697;2447
"20 лет";Самарская область;5713;7187
"20 лет";Саратовская область;4083;5827
"20 лет";Сахалинская область;213;251
"20 лет";Свердловская область;7498;9737
"20 лет";Смоленская область;1296;1779
"20 лет";Ставропольский край;3877;5261
"20 лет";Тамбовская область;1483;1821
"20 лет";Тверская область;1255;1869
"20 лет";Томская область;3662;3797
"20 лет";Тульская область;2050;2410
"20 лет";Тюменская область;3002;3932
"20 лет";Удмуртская Республика;2101;2955
"20 лет";Ульяновская область;2253;2397
"20 лет";Хабаровский край;2337;2820
"20 лет";Ханты-Мансийский автономный округ;1216;1599
"20 лет";Челябинская область;4364;6052
"20 лет";Чеченская Республика;2269;2862
"20 лет";Чувашская Республика;1888;2403
"20 лет";Чукотский автономный округ;4;1
"20 лет";Ямало-Ненецкий автономный округ;1;0
"20 лет";Ярославская область;1849;2614
"21 год";Алтайский край;3225;4345
"21 год";Амурская область;719;1162
"21 год";Архангельская область;994;1325
"21 год";Астраханская область;1641;2024
"21 год";Белгородская область;3384;3238
"21 год";Брянская область;1544;1593
"21 год";Владимирская область;1402;2000
"21 год";Волгоградская область;3710;4416
"21 год";Вологодская область;1033;1393
"21 год";Воронежская область;5507;7383
"21 год";г. Москва;48183;54821
"21 год";г.Санкт-Петербург;20179;25350
"21 год";г.Севастополь;968;890
"21 год";Еврейская автономная область;57;116
"21 год";Забайкальский край;882;1390
"21 год";Ивановская область;1482;1903
"21 год";Иркутская область;3746;4790
"21 год";Кабардино-Балкарская Республика;1065;1055
"21 год";Калининградская область;1243;1559
"21 год";Калужская область;1074;1465
"21 год";Камчатский край;217;195
"21 год";Карачаево-Черкесская Республика;954;1004
"21 год";Кемеровская область;2805;3439
"21 год";Кировская область;1411;2235
"21 год";Костромская область;560;768
"21 год";Краснодарский край;5652;8986
"21 год";Красноярский край;4377;4927
"21 год";Курганская область;773;988
"21 год";Курская область;2000;2923
"21 год";Ленинградская область;199;509
"21 год";Липецкая область;1158;1519
"21 год";Магаданская область;149;166
"21 год";Московская область;4306;6382
"21 год";Мурманская область;419;439
"21 год";Нижегородская область;5587;7260
"21 год";Новгородская область;333;584
"21 год";Новосибирская область;6018;8179
"21 год";Омская область;3861;4555
"21 год";Оренбургская область;2556;3411
"21 год";Орловская область;1500;1850
"21 год";Пензенская область;2278;2328
"21 год";Пермский край;3158;4563
"21 год";Приморский край;2856;3452
"21 год";Псковская область;562;662
"21 год";Республика Адыгея;878;830
"21 год";Республика Алтай;141;232
"21 год";Республика Башкортостан;5630;7303
"21 год";Республика Бурятия;980;1303
"21 год";Республика Дагестан;3489;3566
"21 год";Республика Ингушетия;577;387
"21 год";Республика Калмыкия;436;450
"21 год";Республика Карелия;704;931
"21 год";Республика Коми;828;827
"21 год";Республика Крым;2156;2473
"21 год";Республика Марий Эл;1081;1300
"21 год";Республика Мордовия;1660;2264
"21 год";Республика Саха (Якутия);1433;1635
"21 год";Республика Северная Осетия - Алания;1512;1509
"21 год";Республика Татарстан;10119;11884
"21 год";Республика Тыва;210;369
"21 год";Республика Хакасия;457;630
"21 год";Ростовская область;8878;9618
"21 год";Рязанская область;1796;2504
"21 год";Самарская область;5980;7064
"21 год";Саратовская область;4233;5807
"21 год";Сахалинская область;202;290
"21 год";Свердловская область;7369;9889
"21 год";Смоленская область;1248;1837
"21 год";Ставропольский край;4065;5141
"21 год";Тамбовская область;1557;1955
"21 год";Тверская область;1129;1842
"21 год";Томская область;3875;4028
"21 год";Тульская область;2213;2443
"21 год";Тюменская область;3032;3869
"21 год";Удмуртская Республика;2311;3160
"21 год";Ульяновская область;2363;2521
"21 год";Хабаровский край;2448;2928
"21 год";Ханты-Мансийский автономный округ;1224;1589
"21 год";Челябинская область;4695;6585
"21 год";Чеченская Республика;2091;2150
"21 год";Чувашская Республика;2137;2777
"21 год";Чукотский автономный округ;3;2
"21 год";Ямало-Ненецкий автономный округ;6;1
"21 год";Ярославская область;1862;2677
"22 года";Алтайский край;2367;3309
"22 года";Амурская область;642;927
"22 года";Архангельская область;806;1008
"22 года";Астраханская область;1551;1671
"22 года";Белгородская область;2605;3535
"22 года";Брянская область;1384;1224
"22 года";Владимирская область;1304;1477
"22 года";Волгоградская область;3138;3692
"22 года";Вологодская область;796;1189
"22 года";Воронежская область;4424;5728
"22 года";г. Москва;40231;42313
"22 года";г.Санкт-Петербург;16162;18356
"22 года";г.Севастополь;719;550
"22 года";Еврейская автономная область;52;89
"22 года";Забайкальский край;752;1224
"22 года";Ивановская область;1117;1403
"22 года";Иркутская область;3116;3745
"22 года";Кабардино-Балкарская Республика;972;809
"22 года";Калининградская область;1083;1224
"22 года";Калужская область;832;1143
"22 года";Камчатский край;177;146
"22 года";Карачаево-Черкесская Республика;408;445
"22 года";Кемеровская область;2226;2691
"22 года";Кировская область;1171;1752
"22 года";Костромская область;399;599
"22 года";Краснодарский край;5470;7347
"22 года";Красноярский край;3924;3741
"22 года";Курганская область;622;814
"22 года";Курская область;1702;2622
"22 года";Ленинградская область;218;408
"22 года";Липецкая область;946;1153
"22 года";Магаданская область;103;145
"22 года";Московская область;3537;4681
"22 года";Мурманская область;345;313
"22 года";Нижегородская область;4715;5646
"22 года";Новгородская область;292;392
"22 года";Новосибирская область;4535;5978
"22 года";Омская область;3325;3652
"22 года";Оренбургская область;2119;2795
"22 года";Орловская область;1458;1584
"22 года";Пензенская область;2051;1759
"22 года";Пермский край;2906;3467
"22 года";Приморский край;2502;2790
"22 года";Псковская область;399;524
"22 года";Республика Адыгея;896;786
"22 года";Республика Алтай;109;158
"22 года";Республика Башкортостан;5171;6139
"22 года";Республика Бурятия;879;1174
"22 года";Республика Дагестан;2885;2731
"22 года";Республика Ингушетия;428;424
"22 года";Республика Калмыкия;542;478
"22 года";Республика Карелия;435;639
"22 года";Республика Коми;655;647
"22 года";Республика Крым;1671;1870
"22 года";Республика Марий Эл;964;1098
"22 года";Республика Мордовия;1438;1984
"22 года";Республика Саха (Якутия);1178;1355
"22 года";Республика Северная Осетия - Алания;1191;1209
"22 года";Республика Татарстан;8051;9028
"22 года";Республика Тыва;194;371
"22 года";Республика Хакасия;317;479
"22 года";Ростовская область;7295;7758
"22 года";Рязанская область;1429;2097
"22 года";Самарская область;5382;5954
"22 года";Саратовская область;3607;4640
"22 года";Сахалинская область;199;250
"22 года";Свердловская область;5780;6392
"22 года";Смоленская область;1015;1475
"22 года";Ставропольский край;3645;4009
"22 года";Тамбовская область;1514;1763
"22 года";Тверская область;909;1282
"22 года";Томская область;3284;3407
"22 года";Тульская область;1727;1982
"22 года";Тюменская область;2534;2913
"22 года";Удмуртская Республика;2063;2748
"22 года";Ульяновская область;2091;2168
"22 года";Хабаровский край;1952;2162
"22 года";Ханты-Мансийский автономный округ;1055;1272
"22 года";Челябинская область;3721;5500
"22 года";Чеченская Республика;1788;1913
"22 года";Чувашская Республика;2027;2175
"22 года";Чукотский автономный округ;1;1
"22 года";Ямало-Ненецкий автономный округ;29;0
"22 года";Ярославская область;1645;2270
"23 года";Алтайский край;1916;2610
"23 года";Амурская область;541;679
"23 года";Архангельская область;725;895
"23 года";Астраханская область;1222;1235
"23 года";Белгородская область;2483;2492
"23 года";Брянская область;1106;937
"23 года";Владимирская область;1153;1080
"23 года";Волгоградская область;2509;2571
"23 года";Вологодская область;761;910
"23 года";Воронежская область;4028;4174
"23 года";г. Москва;30817;31623
"23 года";г.Санкт-Петербург;12611;14634
"23 года";г.Севастополь;466;368
"23 года";Еврейская автономная область;40;106
"23 года";Забайкальский край;722;983
"23 года";Ивановская область;1032;1136
"23 года";Иркутская область;2618;2801
"23 года";Кабардино-Балкарская Республика;693;582
"23 года";Калининградская область;713;852
"23 года";Калужская область;705;924
"23 года";Камчатский край;168;128
"23 года";Карачаево-Черкесская Республика;491;339
"23 года";Кемеровская область;2065;2176
"23 года";Кировская область;979;1303
"23 года";Костромская область;306;427
"23 года";Краснодарский край;4237;5100
"23 года";Красноярский край;2799;2786
"23 года";Курганская область;601;720
"23 года";Курская область;1634;2088
"23 года";Ленинградская область;159;325
"23 года";Липецкая область;797;849
"23 года";Магаданская область;99;130
"23 года";Московская область;2867;3251
"23 года";Мурманская область;294;231
"23 года";Нижегородская область;3622;4266
"23 года";Новгородская область;174;252
"23 года";Новосибирская область;3333;4308
"23 года";Омская область;2812;3247
"23 года";Оренбургская область;1562;2064
"23 года";Орловская область;1427;1579
"23 года";Пензенская область;1415;1338
"23 года";Пермский край;2273;2453
"23 года";Приморский край;1784;1771
"23 года";Псковская область;370;424
"23 года";Республика Адыгея;807;660
"23 года";Республика Алтай;102;173
"23 года";Республика Башкортостан;4328;4719
"23 года";Республика Бурятия;730;964
"23 года";Республика Дагестан;2226;2095
"23 года";Республика Ингушетия;501;347
"23 года";Республика Калмыкия;519;412
"23 года";Республика Карелия;371;506
"23 года";Республика Коми;577;531
"23 года";Республика Крым;1185;1128
"23 года";Республика Марий Эл;842;851
"23 года";Республика Мордовия;1145;1466
"23 года";Республика Саха (Якутия);1067;1149
"23 года";Республика Северная Осетия - Алания;980;860
"23 года";Республика Татарстан;7366;6753
"23 года";Республика Тыва;222;313
"23 года";Республика Хакасия;273;425
"23 года";Ростовская область;6086;5788
"23 года";Рязанская область;1125;1282
"23 года";Самарская область;4342;4276
"23 года";Саратовская область;2869;3223
"23 года";Сахалинская область;214;197
"23 года";Свердловская область;4474;4974
"23 года";Смоленская область;868;1036
"23 года";Ставропольский край;2952;2881
"23 года";Тамбовская область;1440;1558
"23 года";Тверская область;815;902
"23 года";Томская область;2739;2622
"23 года";Тульская область;1385;1514
"23 года";Тюменская область;2142;2125
"23 года";Удмуртская Республика;1884;1943
"23 года";Ульяновская область;1689;1596
"23 года";Хабаровский край;1493;1590
"23 года";Ханты-Мансийский автономный округ;982;944
"23 года";Челябинская область;3178;4192
"23 года";Чеченская Республика;1674;1459
"23 года";Чувашская Республика;1900;1519
"23 года";Чукотский автономный округ;2;2
"23 года";Ямало-Ненецкий автономный округ;38;2
"23 года";Ярославская область;1202;1628
"24 года";Алтайский край;1251;1538
"24 года";Амурская область;407;465
"24 года";Архангельская область;544;496
"24 года";Астраханская область;935;735
"24 года";Белгородская область;2219;1081
"24 года";Брянская область;716;578
"24 года";Владимирская область;773;664
"24 года";Волгоградская область;1694;1510
"24 года";Вологодская область;528;593
"24 года";Воронежская область;2840;2330
"24 года";г. Москва;18188;18078
"24 года";г.Санкт-Петербург;7207;7954
"24 года";г.Севастополь;290;180
"24 года";Еврейская автономная область;41;64
"24 года";Забайкальский край;470;617
"24 года";Ивановская область;736;696
"24 года";Иркутская область;1901;1903
"24 года";Кабардино-Балкарская Республика;449;284
"24 года";Калининградская область;493;533
"24 года";Калужская область;415;475
"24 года";Камчатский край;109;124
"24 года";Карачаево-Черкесская Республика;228;262
"24 года";Кемеровская область;1354;1311
"24 года";Кировская область;733;645
"24 года";Костромская область;241;289
"24 года";Краснодарский край;2845;3068
"24 года";Красноярский край;1718;1613
"24 года";Курганская область;453;447
"24 года";Курская область;1176;1491
"24 года";Ленинградская область;176;252
"24 года";Липецкая область;609;589
"24 года";Магаданская область;75;82
"24 года";Московская область;2003;1953
"24 года";Мурманская область;192;148
"24 года";Нижегородская область;2219;2223
"24 года";Новгородская область;132;129
"24 года";Новосибирская область;2068;2325
"24 года";Омская область;1990;2145
"24 года";Оренбургская область;906;1235
"24 года";Орловская область;1030;1155
"24 года";Пензенская область;779;874
"24 года";Пермский край;1441;1397
"24 года";Приморский край;994;980
"24 года";Псковская область;277;306
"24 года";Республика Адыгея;673;488
"24 года";Республика Алтай;43;93
"24 года";Республика Башкортостан;3061;2773
"24 года";Республика Бурятия;520;635
"24 года";Республика Дагестан;1582;1472
"24 года";Республика Ингушетия;305;319
"24 года";Республика Калмыкия;381;318
"24 года";Республика Карелия;285;284
"24 года";Республика Коми;402;347
"24 года";Республика Крым;797;766
"24 года";Республика Марий Эл;524;514
"24 года";Республика Мордовия;721;760
"24 года";Республика Саха (Якутия);726;789
"24 года";Республика Северная Осетия - Алания;733;583
"24 года";Республика Татарстан;4502;4057
"24 года";Республика Тыва;169;256
"24 года";Республика Хакасия;181;327
"24 года";Ростовская область;4371;3574
"24 года";Рязанская область;693;738
"24 года";Самарская область;3077;2466
"24 года";Саратовская область;1870;1850
"24 года";Сахалинская область;191;167
"24 года";Свердловская область;2880;3119
"24 года";Смоленская область;570;605
"24 года";Ставропольский край;2084;1619
"24 года";Тамбовская область;1169;918
"24 года";Тверская область;699;531
"24 года";Томская область;1627;1338
"24 года";Тульская область;965;900
"24 года";Тюменская область;1402;1283
"24 года";Удмуртская Республика;1178;1030
"24 года";Ульяновская область;1035;1004
"24 года";Хабаровский край;921;979
"24 года";Ханты-Мансийский автономный округ;655;560
"24 года";Челябинская область;2186;2815
"24 года";Чеченская Республика;1100;840
"24 года";Чувашская Республика;1247;1018
"24 года";Чукотский автономный округ;2;1
"24 года";Ямало-Ненецкий автономный округ;27;2
"24 года";Ярославская область;877;1070
"25 лет";Алтайский край;847;904
"25 лет";Амурская область;325;334
"25 лет";Архангельская область;314;323
"25 лет";Астраханская область;678;436
"25 лет";Белгородская область;1205;932
"25 лет";Брянская область;480;311
"25 лет";Владимирская область;509;395
"25 лет";Волгоградская область;1161;867
"25 лет";Вологодская область;427;353
"25 лет";Воронежская область;2121;1073
"25 лет";г. Москва;12503;11060
"25 лет";г.Санкт-Петербург;4404;4109
"25 лет";г.Севастополь;232;109
"25 лет";Еврейская автономная область;37;53
"25 лет";Забайкальский край;410;461
"25 лет";Ивановская область;507;309
"25 лет";Иркутская область;1532;1192
"25 лет";Кабардино-Балкарская Республика;267;178
"25 лет";Калининградская область;354;255
"25 лет";Калужская область;310;345
"25 лет";Камчатский край;81;85
"25 лет";Карачаево-Черкесская Республика;241;147
"25 лет";Кемеровская область;1010;706
"25 лет";Кировская область;471;437
"25 лет";Костромская область;198;164
"25 лет";Краснодарский край;1846;1671
"25 лет";Красноярский край;1323;1046
"25 лет";Курганская область;334;361
"25 лет";Курская область;856;757
"25 лет";Ленинградская область;148;164
"25 лет";Липецкая область;442;364
"25 лет";Магаданская область;62;56
"25 лет";Московская область;1492;1213
"25 лет";Мурманская область;184;115
"25 лет";Нижегородская область;1519;1077
"25 лет";Новгородская область;102;84
"25 лет";Новосибирская область;1424;1314
"25 лет";Омская область;1682;1502
"25 лет";Оренбургская область;722;712
"25 лет";Орловская область;800;737
"25 лет";Пензенская область;453;593
"25 лет";Пермский край;1073;847
"25 лет";Приморский край;701;590
"25 лет";Псковская область;198;198
"25 лет";Республика Адыгея;710;276
"25 лет";Республика Алтай;36;60
"25 лет";Республика Башкортостан;2193;1625
"25 лет";Республика Бурятия;388;406
"25 лет";Республика Дагестан;1112;927
"25 лет";Республика Ингушетия;291;280
"25 лет";Республика Калмыкия;285;202
"25 лет";Республика Карелия;187;170
"25 лет";Республика Коми;301;272
"25 лет";Республика Крым;569;438
"25 лет";Республика Марий Эл;364;263
"25 лет";Республика Мордовия;543;389
"25 лет";Республика Саха (Якутия);564;601
"25 лет";Республика Северная Осетия - Алания;513;396
"25 лет";Республика Татарстан;2969;1961
"25 лет";Республика Тыва;161;227
"25 лет";Республика Хакасия;149;221
"25 лет";Ростовская область;3047;1803
"25 лет";Рязанская область;527;386
"25 лет";Самарская область;2258;1442
"25 лет";Саратовская область;1279;885
"25 лет";Сахалинская область;137;125
"25 лет";Свердловская область;1971;1637
"25 лет";Смоленская область;425;368
"25 лет";Ставропольский край;1277;926
"25 лет";Тамбовская область;835;582
"25 лет";Тверская область;660;329
"25 лет";Томская область;1045;778
"25 лет";Тульская область;705;509
"25 лет";Тюменская область;981;679
"25 лет";Удмуртская Республика;871;544
"25 лет";Ульяновская область;784;545
"25 лет";Хабаровский край;713;661
"25 лет";Ханты-Мансийский автономный округ;407;296
"25 лет";Челябинская область;1608;1721
"25 лет";Чеченская Республика;467;555
"25 лет";Чувашская Республика;903;578
"25 лет";Чукотский автономный округ;2;1
"25 лет";Ямало-Ненецкий автономный округ;14;0
"25 лет";Ярославская область;558;541
"26 лет";Алтайский край;606;595
"26 лет";Амурская область;209;217
"26 лет";Архангельская область;222;217
"26 лет";Астраханская область;494;288
"26 лет";Белгородская область;612;371
"26 лет";Брянская область;389;172
"26 лет";Владимирская область;431;234
"26 лет";Волгоградская область;861;548
"26 лет";Вологодская область;333;223
"26 лет";Воронежская область;1426;682
"26 лет";г. Москва;8904;7671
"26 лет";г.Санкт-Петербург;3053;2646
"26 лет";г.Севастополь;124;77
"26 лет";Еврейская автономная область;34;29
"26 лет";Забайкальский край;306;479
"26 лет";Ивановская область;378;179
"26 лет";Иркутская область;1112;856
"26 лет";Кабардино-Балкарская Республика;162;134
"26 лет";Калининградская область;296;173
"26 лет";Калужская область;259;267
"26 лет";Камчатский край;71;79
"26 лет";Карачаево-Черкесская Республика;117;82
"26 лет";Кемеровская область;736;461
"26 лет";Кировская область;346;227
"26 лет";Костромская область;135;114
"26 лет";Краснодарский край;1213;974
"26 лет";Красноярский край;818;642
"26 лет";Курганская область;299;280
"26 лет";Курская область;570;498
"26 лет";Ленинградская область;143;149
"26 лет";Липецкая область;343;221
"26 лет";Магаданская область;55;51
"26 лет";Московская область;1113;787
"26 лет";Мурманская область;149;67
"26 лет";Нижегородская область;891;637
"26 лет";Новгородская область;86;85
"26 лет";Новосибирская область;940;825
"26 лет";Омская область;1345;1052
"26 лет";Оренбургская область;522;425
"26 лет";Орловская область;528;458
"26 лет";Пензенская область;402;383
"26 лет";Пермский край;707;496
"26 лет";Приморский край;530;336
"26 лет";Псковская область;174;137
"26 лет";Республика Адыгея;422;199
"26 лет";Республика Алтай;30;58
"26 лет";Республика Башкортостан;1516;953
"26 лет";Республика Бурятия;299;276
"26 лет";Республика Дагестан;876;642
"26 лет";Республика Ингушетия;166;216
"26 лет";Республика Калмыкия;195;116
"26 лет";Республика Карелия;122;113
"26 лет";Республика Коми;242;191
"26 лет";Республика Крым;377;264
"26 лет";Республика Марий Эл;216;156
"26 лет";Республика Мордовия;345;220
"26 лет";Республика Саха (Якутия);364;430
"26 лет";Республика Северная Осетия - Алания;264;181
"26 лет";Республика Татарстан;1893;1095
"26 лет";Республика Тыва;101;167
"26 лет";Республика Хакасия;83;135
"26 лет";Ростовская область;1831;1115
"26 лет";Рязанская область;370;204
"26 лет";Самарская область;1640;911
"26 лет";Саратовская область;892;547
"26 лет";Сахалинская область;94;79
"26 лет";Свердловская область;1478;1007
"26 лет";Смоленская область;380;262
"26 лет";Ставропольский край;1007;623
"26 лет";Тамбовская область;683;478
"26 лет";Тверская область;435;261
"26 лет";Томская область;821;615
"26 лет";Тульская область;504;325
"26 лет";Тюменская область;690;385
"26 лет";Удмуртская Республика;564;394
"26 лет";Ульяновская область;560;360
"26 лет";Хабаровский край;570;535
"26 лет";Ханты-Мансийский автономный округ;289;184
"26 лет";Челябинская область;1342;1012
"26 лет";Чеченская Республика;417;387
"26 лет";Чувашская Республика;557;368
"26 лет";Чукотский автономный округ;4;1
"26 лет";Ямало-Ненецкий автономный округ;14;1
"26 лет";Ярославская область;371;318
"27 лет";Алтайский край;442;446
"27 лет";Амурская область;145;111
"27 лет";Архангельская область;153;183
"27 лет";Астраханская область;392;235
"27 лет";Белгородская область;375;267
"27 лет";Брянская область;276;128
"27 лет";Владимирская область;334;210
"27 лет";Волгоградская область;663;385
"27 лет";Вологодская область;223;147
"27 лет";Воронежская область;957;477
"27 лет";г. Москва;6121;4953
"27 лет";г.Санкт-Петербург;2253;1832
"27 лет";г.Севастополь;125;51
"27 лет";Еврейская автономная область;22;24
"27 лет";Забайкальский край;395;379
"27 лет";Ивановская область;331;124
"27 лет";Иркутская область;919;678
"27 лет";Кабардино-Балкарская Республика;122;69
"27 лет";Калининградская область;235;127
"27 лет";Калужская область;162;148
"27 лет";Камчатский край;60;57
"27 лет";Карачаево-Черкесская Республика;120;51
"27 лет";Кемеровская область;525;354
"27 лет";Кировская область;237;202
"27 лет";Костромская область;122;57
"27 лет";Краснодарский край;915;757
"27 лет";Красноярский край;629;497
"27 лет";Курганская область;237;234
"27 лет";Курская область;474;342
"27 лет";Ленинградская область;107;165
"27 лет";Липецкая область;239;124
"27 лет";Магаданская область;40;36
"27 лет";Московская область;865;561
"27 лет";Мурманская область;154;64
"27 лет";Нижегородская область;645;460
"27 лет";Новгородская область;58;47
"27 лет";Новосибирская область;682;528
"27 лет";Омская область;1058;838
"27 лет";Оренбургская область;409;342
"27 лет";Орловская область;457;298
"27 лет";Пензенская область;348;327
"27 лет";Пермский край;554;393
"27 лет";Приморский край;389;246
"27 лет";Псковская область;149;101
"27 лет";Республика Адыгея;314;148
"27 лет";Республика Алтай;23;45
"27 лет";Республика Башкортостан;1005;648
"27 лет";Республика Бурятия;226;242
"27 лет";Республика Дагестан;710;486
"27 лет";Республика Ингушетия;195;157
"27 лет";Республика Калмыкия;144;122
"27 лет";Республика Карелия;84;85
"27 лет";Республика Коми;178;140
"27 лет";Республика Крым;278;191
"27 лет";Республика Марий Эл;144;124
"27 лет";Республика Мордовия;188;135
"27 лет";Республика Саха (Якутия);324;324
"27 лет";Республика Северная Осетия - Алания;215;126
"27 лет";Республика Татарстан;1304;758
"27 лет";Республика Тыва;89;147
"27 лет";Республика Хакасия;65;104
"27 лет";Ростовская область;1410;725
"27 лет";Рязанская область;288;197
"27 лет";Самарская область;1185;753
"27 лет";Саратовская область;686;412
"27 лет";Сахалинская область;83;71
"27 лет";Свердловская область;1120;775
"27 лет";Смоленская область;293;158
"27 лет";Ставропольский край;691;501
"27 лет";Тамбовская область;525;344
"27 лет";Тверская область;335;180
"27 лет";Томская область;574;447
"27 лет";Тульская область;416;238
"27 лет";Тюменская область;532;271
"27 лет";Удмуртская Республика;470;357
"27 лет";Ульяновская область;398;240
"27 лет";Хабаровский край;458;407
"27 лет";Ханты-Мансийский автономный округ;241;145
"27 лет";Челябинская область;1118;711
"27 лет";Чеченская Республика;372;377
"27 лет";Чувашская Республика;417;230
"27 лет";Чукотский автономный округ;2;3
"27 лет";Ямало-Ненецкий автономный округ;16;0
"27 лет";Ярославская область;320;220
"28 лет";Алтайский край;330;313
"28 лет";Амурская область;131;115
"28 лет";Архангельская область;120;104
"28 лет";Астраханская область;315;197
"28 лет";Белгородская область;295;265
"28 лет";Брянская область;256;119
"28 лет";Владимирская область;256;153
"28 лет";Волгоградская область;592;350
"28 лет";Вологодская область;217;122
"28 лет";Воронежская область;751;345
"28 лет";г. Москва;4996;4117
"28 лет";г.Санкт-Петербург;1618;1251
"28 лет";г.Севастополь;79;40
"28 лет";Еврейская автономная область;22;29
"28 лет";Забайкальский край;286;275
"28 лет";Ивановская область;222;88
"28 лет";Иркутская область;806;537
"28 лет";Кабардино-Балкарская Республика;103;60
"28 лет";Калининградская область;171;99
"28 лет";Калужская область;137;141
"28 лет";Камчатский край;58;60
"28 лет";Карачаево-Черкесская Республика;65;36
"28 лет";Кемеровская область;440;278
"28 лет";Кировская область;189;179
"28 лет";Костромская область;92;65
"28 лет";Краснодарский край;665;516
"28 лет";Красноярский край;557;476
"28 лет";Курганская область;184;185
"28 лет";Курская область;337;280
"28 лет";Ленинградская область;111;90
"28 лет";Липецкая область;209;118
"28 лет";Магаданская область;42;34
"28 лет";Московская область;804;423
"28 лет";Мурманская область;111;40
"28 лет";Нижегородская область;599;333
"28 лет";Новгородская область;55;43
"28 лет";Новосибирская область;551;477
"28 лет";Омская область;851;710
"28 лет";Оренбургская область;355;304
"28 лет";Орловская область;306;223
"28 лет";Пензенская область;188;246
"28 лет";Пермский край;421;272
"28 лет";Приморский край;328;198
"28 лет";Псковская область;178;115
"28 лет";Республика Адыгея;266;121
"28 лет";Республика Алтай;19;29
"28 лет";Республика Башкортостан;824;525
"28 лет";Республика Бурятия;156;200
"28 лет";Республика Дагестан;618;329
"28 лет";Республика Ингушетия;170;112
"28 лет";Республика Калмыкия;128;82
"28 лет";Республика Карелия;75;60
"28 лет";Республика Коми;196;97
"28 лет";Республика Крым;181;152
"28 лет";Республика Марий Эл;121;103
"28 лет";Республика Мордовия;144;87
"28 лет";Республика Саха (Якутия);264;257
"28 лет";Республика Северная Осетия - Алания;144;83
"28 лет";Республика Татарстан;945;512
"28 лет";Республика Тыва;68;124
"28 лет";Республика Хакасия;58;83
"28 лет";Ростовская область;1220;638
"28 лет";Рязанская область;280;118
"28 лет";Самарская область;884;611
"28 лет";Саратовская область;578;330
"28 лет";Сахалинская область;64;59
"28 лет";Свердловская область;867;657
"28 лет";Смоленская область;226;148
"28 лет";Ставропольский край;555;388
"28 лет";Тамбовская область;307;321
"28 лет";Тверская область;270;146
"28 лет";Томская область;470;374
"28 лет";Тульская область;297;201
"28 лет";Тюменская область;360;212
"28 лет";Удмуртская Республика;442;315
"28 лет";Ульяновская область;327;158
"28 лет";Хабаровский край;416;323
"28 лет";Ханты-Мансийский автономный округ;191;112
"28 лет";Челябинская область;689;564
"28 лет";Чеченская Республика;193;142
"28 лет";Чувашская Республика;305;222
"28 лет";Чукотский автономный округ;5;3
"28 лет";Ямало-Ненецкий автономный округ;7;0
"28 лет";Ярославская область;231;142
"29 лет";Алтайский край;287;317
"29 лет";Амурская область;99;76
"29 лет";Архангельская область;119;112
"29 лет";Астраханская область;292;179
"29 лет";Белгородская область;297;211
"29 лет";Брянская область;237;139
"29 лет";Владимирская область;258;127
"29 лет";Волгоградская область;458;259
"29 лет";Вологодская область;207;95
"29 лет";Воронежская область;587;324
"29 лет";г. Москва;4570;3645
"29 лет";г.Санкт-Петербург;1380;1069
"29 лет";г.Севастополь;63;40
"29 лет";Еврейская автономная область;9;34
"29 лет";Забайкальский край;242;311
"29 лет";Ивановская область;176;84
"29 лет";Иркутская область;970;504
"29 лет";Кабардино-Балкарская Республика;75;45
"29 лет";Калининградская область;151;73
"29 лет";Калужская область;182;149
"29 лет";Камчатский край;61;43
"29 лет";Карачаево-Черкесская Республика;30;25
"29 лет";Кемеровская область;384;254
"29 лет";Кировская область;180;165
"29 лет";Костромская область;59;54
"29 лет";Краснодарский край;503;505
"29 лет";Красноярский край;505;422
"29 лет";Курганская область;147;199
"29 лет";Курская область;281;232
"29 лет";Ленинградская область;69;95
"29 лет";Липецкая область;159;121
"29 лет";Магаданская область;38;38
"29 лет";Московская область;650;444
"29 лет";Мурманская область;95;43
"29 лет";Нижегородская область;560;324
"29 лет";Новгородская область;52;30
"29 лет";Новосибирская область;478;375
"29 лет";Омская область;832;650
"29 лет";Оренбургская область;293;297
"29 лет";Орловская область;192;190
"29 лет";Пензенская область;190;200
"29 лет";Пермский край;391;305
"29 лет";Приморский край;295;124
"29 лет";Псковская область;178;131
"29 лет";Республика Адыгея;239;94
"29 лет";Республика Алтай;12;32
"29 лет";Республика Башкортостан;772;504
"29 лет";Республика Бурятия;202;222
"29 лет";Республика Дагестан;585;230
"29 лет";Республика Ингушетия;149;104
"29 лет";Республика Калмыкия;89;80
"29 лет";Республика Карелия;66;53
"29 лет";Республика Коми;200;109
"29 лет";Республика Крым;171;145
"29 лет";Республика Марий Эл;117;101
"29 лет";Республика Мордовия;138;79
"29 лет";Республика Саха (Якутия);293;323
"29 лет";Республика Северная Осетия - Алания;137;70
"29 лет";Республика Татарстан;844;527
"29 лет";Республика Тыва;76;102
"29 лет";Республика Хакасия;55;80
"29 лет";Ростовская область;982;584
"29 лет";Рязанская область;309;121
"29 лет";Самарская область;802;505
"29 лет";Саратовская область;502;325
"29 лет";Сахалинская область;87;62
"29 лет";Свердловская область;749;559
"29 лет";Смоленская область;185;147
"29 лет";Ставропольский край;480;341
"29 лет";Тамбовская область;310;170
"29 лет";Тверская область;182;109
"29 лет";Томская область;470;366
"29 лет";Тульская область;306;171
"29 лет";Тюменская область;338;200
"29 лет";Удмуртская Республика;384;313
"29 лет";Ульяновская область;294;153
"29 лет";Хабаровский край;416;321
"29 лет";Ханты-Мансийский автономный округ;174;106
"29 лет";Челябинская область;734;548
"29 лет";Чеченская Республика;178;112
"29 лет";Чувашская Республика;280;182
"29 лет";Чукотский автономный округ;2;1
"29 лет";Ямало-Ненецкий автономный округ;6;1
"29 лет";Ярославская область;173;160
"30–34 года";Алтайский край;1033;1224
"30–34 года";Амурская область;470;372
"30–34 года";Архангельская область;518;586
"30–34 года";Астраханская область;1073;696
"30–34 года";Белгородская область;1108;929
"30–34 года";Брянская область;662;368
"30–34 года";Владимирская область;862;527
"30–34 года";Волгоградская область;1761;1029
"30–34 года";Вологодская область;723;533
"30–34 года";Воронежская область;1768;1140
"30–34 года";г. Москва;14420;14503
"30–34 года";г.Санкт-Петербург;5021;3910
"30–34 года";г.Севастополь;348;203
"30–34 года";Еврейская автономная область;118;144
"30–34 года";Забайкальский край;898;792
"30–34 года";Ивановская область;643;371
"30–34 года";Иркутская область;2070;1546
"30–34 года";Кабардино-Балкарская Республика;201;162
"30–34 года";Калининградская область;592;350
"30–34 года";Калужская область;336;380
"30–34 года";Камчатский край;199;225
"30–34 года";Карачаево-Черкесская Республика;111;63
"30–34 года";Кемеровская область;1785;1215
"30–34 года";Кировская область;827;782
"30–34 года";Костромская область;273;259
"30–34 года";Краснодарский край;1349;1492
"30–34 года";Красноярский край;1574;1160
"30–34 года";Курганская область;605;574
"30–34 года";Курская область;875;889
"30–34 года";Ленинградская область;295;348
"30–34 года";Липецкая область;430;282
"30–34 года";Магаданская область;152;94
"30–34 года";Московская область;1619;1381
"30–34 года";Мурманская область;445;181
"30–34 года";Нижегородская область;1336;956
"30–34 года";Новгородская область;218;195
"30–34 года";Новосибирская область;1934;1825
"30–34 года";Омская область;3216;2690
"30–34 года";Оренбургская область;1188;1301
"30–34 года";Орловская область;523;588
"30–34 года";Пензенская область;400;324
"30–34 года";Пермский край;1090;1063
"30–34 года";Приморский край;1096;611
"30–34 года";Псковская область;457;463
"30–34 года";Республика Адыгея;487;206
"30–34 года";Республика Алтай;57;144
"30–34 года";Республика Башкортостан;3209;2105
"30–34 года";Республика Бурятия;929;867
"30–34 года";Республика Дагестан;870;537
"30–34 года";Республика Ингушетия;156;92
"30–34 года";Республика Калмыкия;289;371
"30–34 года";Республика Карелия;226;270
"30–34 года";Республика Коми;694;463
"30–34 года";Республика Крым;493;469
"30–34 года";Республика Марий Эл;479;405
"30–34 года";Республика Мордовия;422;352
"30–34 года";Республика Саха (Якутия);836;832
"30–34 года";Республика Северная Осетия - Алания;362;221
"30–34 года";Республика Татарстан;2884;1823
"30–34 года";Республика Тыва;261;379
"30–34 года";Республика Хакасия;210;347
"30–34 года";Ростовская область;2902;2265
"30–34 года";Рязанская область;554;249
"30–34 года";Самарская область;3522;2347
"30–34 года";Саратовская область;1672;1325
"30–34 года";Сахалинская область;328;291
"30–34 года";Свердловская область;3034;2488
"30–34 года";Смоленская область;468;474
"30–34 года";Ставропольский край;1364;1219
"30–34 года";Тамбовская область;831;626
"30–34 года";Тверская область;403;370
"30–34 года";Томская область;1988;1664
"30–34 года";Тульская область;1299;777
"30–34 года";Тюменская область;1356;810
"30–34 года";Удмуртская Республика;1505;1085
"30–34 года";Ульяновская область;1099;776
"30–34 года";Хабаровский край;1322;1176
"30–34 года";Ханты-Мансийский автономный округ;603;392
"30–34 года";Челябинская область;2852;2484
"30–34 года";Чеченская Республика;302;254
"30–34 года";Чувашская Республика;1149;818
"30–34 года";Чукотский автономный округ;20;4
"30–34 года";Ямало-Ненецкий автономный округ;25;0
"30–34 года";Ярославская область;651;579
"35–39 лет";Алтайский край;691;1050
"35–39 лет";Амурская область;318;249
"35–39 лет";Архангельская область;297;400
"35–39 лет";Астраханская область;692;474
"35–39 лет";Белгородская область;776;724
"35–39 лет";Брянская область;509;334
"35–39 лет";Владимирская область;690;443
"35–39 лет";Волгоградская область;1142;843
"35–39 лет";Вологодская область;500;418
"35–39 лет";Воронежская область;1250;943
"35–39 лет";г. Москва;9469;11826
"35–39 лет";г.Санкт-Петербург;3088;2707
"35–39 лет";г.Севастополь;277;180
"35–39 лет";Еврейская автономная область;64;111
"35–39 лет";Забайкальский край;608;634
"35–39 лет";Ивановская область;383;253
"35–39 лет";Иркутская область;1437;1094
"35–39 лет";Кабардино-Балкарская Республика;114;118
"35–39 лет";Калининградская область;389;291
"35–39 лет";Калужская область;384;285
"35–39 лет";Камчатский край;162;150
"35–39 лет";Карачаево-Черкесская Республика;112;47
"35–39 лет";Кемеровская область;1124;1018
"35–39 лет";Кировская область;562;551
"35–39 лет";Костромская область;202;174
"35–39 лет";Краснодарский край;901;1220
"35–39 лет";Красноярский край;1075;901
"35–39 лет";Курганская область;385;507
"35–39 лет";Курская область;600;738
"35–39 лет";Ленинградская область;95;271
"35–39 лет";Липецкая область;329;247
"35–39 лет";Магаданская область;140;98
"35–39 лет";Московская область;1222;1205
"35–39 лет";Мурманская область;297;122
"35–39 лет";Нижегородская область;846;658
"35–39 лет";Новгородская область;98;130
"35–39 лет";Новосибирская область;1289;1370
"35–39 лет";Омская область;2349;2164
"35–39 лет";Оренбургская область;733;988
"35–39 лет";Орловская область;354;424
"35–39 лет";Пензенская область;295;288
"35–39 лет";Пермский край;825;769
"35–39 лет";Приморский край;709;520
"35–39 лет";Псковская область;318;308
"35–39 лет";Республика Адыгея;249;173
"35–39 лет";Республика Алтай;37;50
"35–39 лет";Республика Башкортостан;2026;1565
"35–39 лет";Республика Бурятия;699;686
"35–39 лет";Республика Дагестан;537;374
"35–39 лет";Республика Ингушетия;95;102
"35–39 лет";Республика Калмыкия;233;276
"35–39 лет";Республика Карелия;165;156
"35–39 лет";Республика Коми;425;339
"35–39 лет";Республика Крым;470;379
"35–39 лет";Республика Марий Эл;334;357
"35–39 лет";Республика Мордовия;283;254
"35–39 лет";Республика Саха (Якутия);511;490
"35–39 лет";Республика Северная Осетия - Алания;219;201
"35–39 лет";Республика Татарстан;1771;1344
"35–39 лет";Республика Тыва;105;185
"35–39 лет";Республика Хакасия;142;235
"35–39 лет";Ростовская область;1931;1872
"35–39 лет";Рязанская область;358;247
"35–39 лет";Самарская область;2533;2001
"35–39 лет";Саратовская область;1016;1005
"35–39 лет";Сахалинская область;218;195
"35–39 лет";Свердловская область;2200;1889
"35–39 лет";Смоленская область;393;432
"35–39 лет";Ставропольский край;932;975
"35–39 лет";Тамбовская область;552;465
"35–39 лет";Тверская область;339;290
"35–39 лет";Томская область;1389;1466
"35–39 лет";Тульская область;1003;615
"35–39 лет";Тюменская область;770;509
"35–39 лет";Удмуртская Республика;997;818
"35–39 лет";Ульяновская область;720;640
"35–39 лет";Хабаровский край;940;909
"35–39 лет";Ханты-Мансийский автономный округ;404;297
"35–39 лет";Челябинская область;1721;2012
"35–39 лет";Чеченская Республика;205;166
"35–39 лет";Чувашская Республика;814;645
"35–39 лет";Чукотский автономный округ;9;3
"35–39 лет";Ямало-Ненецкий автономный округ;20;1
"35–39 лет";Ярославская область;446;433
"40 лет и старше";Алтайский край;562;1065
"40 лет и старше";Амурская область;246;261
"40 лет и старше";Архангельская область;214;336
"40 лет и старше";Астраханская область;525;477
"40 лет и старше";Белгородская область;593;761
"40 лет и старше";Брянская область;333;276
"40 лет и старше";Владимирская область;613;473
"40 лет и старше";Волгоградская область;973;809
"40 лет и старше";Вологодская область;309;312
"40 лет и старше";Воронежская область;1005;914
"40 лет и старше";г. Москва;8677;12655
"40 лет и старше";г.Санкт-Петербург;2473;2754
"40 лет и старше";г.Севастополь;269;208
"40 лет и старше";Еврейская автономная область;72;166
"40 лет и старше";Забайкальский край;401;547
"40 лет и старше";Ивановская область;275;290
"40 лет и старше";Иркутская область;1126;1058
"40 лет и старше";Кабардино-Балкарская Республика;131;107
"40 лет и старше";Калининградская область;297;301
"40 лет и старше";Калужская область;366;270
"40 лет и старше";Камчатский край;119;135
"40 лет и старше";Карачаево-Черкесская Республика;75;16
"40 лет и старше";Кемеровская область;683;865
"40 лет и старше";Кировская область;413;486
"40 лет и старше";Костромская область;118;211
"40 лет и старше";Краснодарский край;700;1205
"40 лет и старше";Красноярский край;776;931
"40 лет и старше";Курганская область;351;451
"40 лет и старше";Курская область;553;842
"40 лет и старше";Ленинградская область;78;249
"40 лет и старше";Липецкая область;216;232
"40 лет и старше";Магаданская область;95;53
"40 лет и старше";Московская область;1212;1503
"40 лет и старше";Мурманская область;238;87
"40 лет и старше";Нижегородская область;764;702
"40 лет и старше";Новгородская область;79;88
"40 лет и старше";Новосибирская область;1138;1447
"40 лет и старше";Омская область;1674;2214
"40 лет и старше";Оренбургская область;546;1819
"40 лет и старше";Орловская область;337;480
"40 лет и старше";Пензенская область;252;270
"40 лет и старше";Пермский край;523;694
"40 лет и старше";Приморский край;764;711
"40 лет и старше";Псковская область;226;315
"40 лет и старше";Республика Адыгея;231;185
"40 лет и старше";Республика Алтай;22;57
"40 лет и старше";Республика Башкортостан;1365;1506
"40 лет и старше";Республика Бурятия;493;589
"40 лет и старше";Республика Дагестан;498;352
"40 лет и старше";Республика Ингушетия;102;82
"40 лет и старше";Республика Калмыкия;186;306
"40 лет и старше";Республика Карелия;108;95
"40 лет и старше";Республика Коми;327;299
"40 лет и старше";Республика Крым;438;484
"40 лет и старше";Республика Марий Эл;333;427
"40 лет и старше";Республика Мордовия;279;284
"40 лет и старше";Республика Саха (Якутия);435;600
"40 лет и старше";Республика Северная Осетия - Алания;217;246
"40 лет и старше";Республика Татарстан;1446;1388
"40 лет и старше";Республика Тыва;57;85
"40 лет и старше";Республика Хакасия;112;199
"40 лет и старше";Ростовская область;1645;1912
"40 лет и старше";Рязанская область;299;197
"40 лет и старше";Самарская область;2380;2200
"40 лет и старше";Саратовская область;838;1117
"40 лет и старше";Сахалинская область;195;170
"40 лет и старше";Свердловская область;1749;1593
"40 лет и старше";Смоленская область;326;439
"40 лет и старше";Ставропольский край;957;911
"40 лет и старше";Тамбовская область;452;557
"40 лет и старше";Тверская область;268;302
"40 лет и старше";Томская область;1099;1392
"40 лет и старше";Тульская область;1029;649
"40 лет и старше";Тюменская область;520;436
"40 лет и старше";Удмуртская Республика;672;765
"40 лет и старше";Ульяновская область;554;705
"40 лет и старше";Хабаровский край;708;876
"40 лет и старше";Ханты-Мансийский автономный округ;217;240
"40 лет и старше";Челябинская область;1147;1988
"40 лет и старше";Чеченская Республика;193;130
"40 лет и старше";Чувашская Республика;637;683
"40 лет и старше";Чукотский автономный округ;4;2
"40 лет и старше";Ямало-Ненецкий автономный округ;15;1
"40 лет и старше";Ярославская область;305;438
